 ,2005.00,2006.00,2007.00,2008.00,2009.00,2010.00,2011.00,2012.00,2013.00,2014.00
Afghanistan,6275076017.00,7057598407.00,9843842456.00,10190529883.00,12486943506.00,15936800636.00,17930239400.00,20536542737.00,20458939155.00,20038215159.00
Albania,8158548717.00,8992642349.00,10701011896.00,12881352688.00,12044212904.00,11926953259.00,12890867539.00,12319784787.00,12781029643.00,13211513726.00
Algeria,103000000000.00,117000000000.00,135000000000.00,171000000000.00,137000000000.00,161000000000.00,200000000000.00,209000000000.00,210000000000.00,214000000000.00
American Samoa,..,..,..,..,..,..,..,..,..,..
Andorra,3248134607.00,3536451646.00,4010785102.00,4001349340.00,3649863493.00,3346317329.00,3427235709.00,3146177741.00,3249100675.00,..
Angola,36970918699.00,52381006892.00,65266452081.00,88538611205.00,73157893410.00,83369475452.00,111000000000.00,125000000000.00,138000000000.00,..
Antigua and Barbuda,997374111.10,1135143593.00,1289254333.00,1347349852.00,1206410370.00,1135539037.00,1129918370.00,1204713111.00,1200587519.00,1220976011.00
Argentina,221000000000.00,263000000000.00,329000000000.00,404000000000.00,377000000000.00,462000000000.00,558000000000.00,604000000000.00,614000000000.00,538000000000.00
Armenia,4900469515.00,6384451606.00,9206301700.00,11662040714.00,8647936748.00,9260284938.00,10142111335.00,10619320049.00,11121465767.00,11644438423.00
Aruba,2331005587.00,2421474860.00,2623726257.00,2791960894.00,2498932961.00,2467703911.00,2584463687.00,..,..,..
Australia,693000000000.00,747000000000.00,853000000000.00,1050000000000.00,927000000000.00,1140000000000.00,1390000000000.00,1540000000000.00,1560000000000.00,1450000000000.00
Austria,315000000000.00,334000000000.00,386000000000.00,428000000000.00,398000000000.00,390000000000.00,429000000000.00,407000000000.00,429000000000.00,437000000000.00
Azerbaijan,13245421881.00,20983019924.00,33050343783.00,48852482960.00,44291490421.00,52902703376.00,65951627200.00,68730906314.00,73560484385.00,75198010965.00
Bahamas,7706222000.00,7965588000.00,8318996000.00,8246650000.00,7820420000.00,7909580000.00,7889750000.00,8234470000.00,8431750000.00,8510500000.00
Bahrain,15968726862.00,18505053192.00,21730000000.00,25710877660.00,22938218085.00,25713271277.00,29044069149.00,30756462766.00,32897606383.00,33851063830.00
Bangladesh,69442943089.00,71819083684.00,79611888213.00,91631278239.00,102000000000.00,115000000000.00,129000000000.00,133000000000.00,150000000000.00,173000000000.00
Barbados,3897500000.00,4303500000.00,4546000000.00,4595000000.00,4602000000.00,4445500000.00,4358000000.00,4313000000.00,4281000000.00,4354500000.00
Belarus,30210091837.00,36961821894.00,45275747861.00,60752177439.00,49208656976.00,55220932614.00,59734593905.00,63615445567.00,73097619637.00,76139250365.00
Belgium,387000000000.00,410000000000.00,472000000000.00,519000000000.00,485000000000.00,484000000000.00,527000000000.00,498000000000.00,521000000000.00,532000000000.00
Belize,1114202700.00,1217442150.00,1290542550.00,1368625150.00,1336957250.00,1397113450.00,1487005600.00,1573867300.00,1624294250.00,1699154132.00
Benin,4803702821.00,5142380779.00,5969535132.00,7132787397.00,7097198712.00,6970240896.00,7814081156.00,8117100934.00,9110800745.00,9575356735.00
Bermuda,4868136000.00,5414299000.00,5895048000.00,6109928000.00,5806378000.00,5744414000.00,5550771000.00,5537537000.00,5573710000.00,..
Bhutan,818869145.10,897731524.90,1196091805.00,1258332337.00,1264758198.00,1585472534.00,1820207626.00,1823692110.00,1798333726.00,1958803867.00
Bolivia,9549077869.00,11451869165.00,13120183157.00,16674324634.00,17339992165.00,19649631308.00,23963033444.00,27084497540.00,30659338929.00,32996187988.00
Bosnia and Herzegovina,10903779488.00,12550175101.00,15441062281.00,18711890354.00,17264893103.00,16846352248.00,18317137171.00,16906005781.00,17841444573.00,18286273233.00
Botswana,9931134941.00,10126940513.00,10939053366.00,10945070442.00,10267128733.00,12786662035.00,15682931970.00,14792386726.00,14979304171.00,15813364345.00
Brazil,892000000000.00,1110000000000.00,1400000000000.00,1690000000000.00,1660000000000.00,2210000000000.00,2620000000000.00,2410000000000.00,2390000000000.00,2350000000000.00
Brunei,9531402848.00,11470703002.00,12247694247.00,14393099069.00,10732366286.00,12370616062.00,16691533190.00,16953505122.00,16110693734.00,17104656669.00
Bulgaria,29821662537.00,34304448150.00,44765733380.00,54666642734.00,51783454184.00,49939168133.00,56949835052.00,53576670828.00,55626359256.00,56717054674.00
Burkina Faso,5462709499.00,5844669846.00,6771277871.00,8369637065.00,8369175126.00,8979966766.00,10724061339.00,11166061508.00,12110243992.00,12542221942.00
Burundi,1117257280.00,1273180597.00,1356078278.00,1611634332.00,1739781489.00,2026864469.00,2355652126.00,2472384907.00,2714505635.00,3093647227.00
Cambodia,6293046162.00,7274595707.00,8639235842.00,10351914093.00,10401851851.00,11242275199.00,12829541141.00,14038383450.00,15449630419.00,16777820333.00
Cameroon,16587858857.00,17953066721.00,20431780378.00,23322254114.00,23381142147.00,23622483984.00,26587311528.00,26472056038.00,29567504656.00,32050817633.00
Canada,1160000000000.00,1310000000000.00,1460000000000.00,1540000000000.00,1370000000000.00,1610000000000.00,1790000000000.00,1830000000000.00,1840000000000.00,1790000000000.00
Cabo Verde,971976952.20,1107891063.00,1513933983.00,1789333749.00,1711817182.00,1664310770.00,1864824081.00,1751888562.00,1837908563.00,1871187071.00
Cayman Islands,..,3207032513.00,..,..,..,..,..,..,..,..
Central African Republic,1350301057.00,1460562038.00,1698125618.00,1985370058.00,1981728141.00,1986014846.00,2195599557.00,2169706564.00,1537740106.00,1722529061.00
Chad,6646663021.00,7422102520.00,8638711757.00,10351933632.00,9253484290.00,10657705072.00,12156380062.00,12368070169.00,12949853281.00,13922224561.00
Channel Islands,8827272727.00,9676172953.00,11514605842.00,..,..,..,..,..,..,..
Chile,124000000000.00,155000000000.00,173000000000.00,180000000000.00,172000000000.00,218000000000.00,251000000000.00,265000000000.00,277000000000.00,258000000000.00
China,2270000000000.00,2730000000000.00,3520000000000.00,4560000000000.00,5060000000000.00,6040000000000.00,7490000000000.00,8460000000000.00,9490000000000.00,10400000000000.00
Colombia,147000000000.00,163000000000.00,207000000000.00,244000000000.00,234000000000.00,287000000000.00,335000000000.00,370000000000.00,380000000000.00,378000000000.00
Comoros,380372892.60,406111873.50,462453582.90,517477678.60,514788082.30,516962886.80,566024620.50,550476566.10,598925539.70,623751049.70
DR Congo,11964484668.00,14296507097.00,16364029327.00,19206060270.00,18262773821.00,20523285374.00,23849009738.00,27463220380.00,30014905126.00,33121070959.00
Republic of the Congo,6087002682.00,7731261311.00,8394688284.00,11859014004.00,9593536531.00,12007880591.00,14425607224.00,13677930124.00,14085852121.00,14177440495.00
Costa Rica,19964925503.00,22526463619.00,26322000105.00,29837895769.00,29382694861.00,36298327620.00,41237293551.00,45300669858.00,49236710394.00,49552580683.00
C™te d'Ivoire,17084928928.00,17800887797.00,20343635320.00,24224903100.00,24277493862.00,24884505035.00,25381616734.00,27040562587.00,31292560974.00,34253607832.00
Croatia,45416076681.00,50453577899.00,60093155533.00,70481451814.00,62703095751.00,59680624422.00,62249565359.00,56485301967.00,57770884729.00,57113389357.00
Cuba,42644200000.00,52742100000.00,58603500000.00,60806300000.00,62078600000.00,64328200000.00,68990140000.00,73139050000.00,77149700000.00,..
Curaçao,..,..,..,..,..,..,..,..,..,..
Cyprus,18270009451.00,19866878479.00,23716042497.00,27493064742.00,25593262401.00,25247424011.00,27089174646.00,24940600822.00,24057251749.00,23226158986.00
Czech Republic,136000000000.00,155000000000.00,189000000000.00,235000000000.00,206000000000.00,207000000000.00,227000000000.00,206000000000.00,208000000000.00,205000000000.00
Denmark,265000000000.00,283000000000.00,320000000000.00,353000000000.00,320000000000.00,320000000000.00,341000000000.00,322000000000.00,336000000000.00,342000000000.00
Djibouti,708633194.70,768873684.00,847918929.10,999105339.30,1049110685.00,1128611700.00,1239144502.00,1353632942.00,1455416074.00,1589026158.00
Dominica,370370370.40,390370370.40,421481481.50,458148148.10,489259259.30,493703703.70,501481481.50,485185185.20,506666666.70,524074074.10
Dominican Republic,34004081037.00,35952890849.00,44073886687.00,48152993003.00,48193458083.00,53864484468.00,58361928552.00,60595109805.00,61366326096.00,64137819041.00
Ecuador,41507085000.00,46802044000.00,51007777000.00,61762635000.00,62519686000.00,69555367000.00,79276664000.00,87924544000.00,94776170000.00,101000000000.00
Egypt,89685724897.00,107000000000.00,130000000000.00,163000000000.00,189000000000.00,219000000000.00,236000000000.00,263000000000.00,272000000000.00,287000000000.00
El Salvador,17093800000.00,18550700000.00,20104900000.00,21431000000.00,20661000000.00,21418300000.00,23139000000.00,23813600000.00,24350900000.00,25163700000.00
Equatorial Guinea,8217369093.00,9144693758.00,10776721748.00,16021701872.00,10219467607.00,12709498549.00,17229758160.00,18011041667.00,17135584685.00,15529729677.00
Eritrea,1098424709.00,1211161880.00,1317974493.00,1380188800.00,1856695551.00,2117039511.00,2607739837.00,..,..,..
Estonia,14006093769.00,16963630661.00,22237065426.00,24194038377.00,19652486802.00,19494662252.00,23168793439.00,23135266649.00,25246787742.00,26485161116.00
Ethiopia,12401139454.00,15280861835.00,19707616773.00,27066912635.00,32437389116.00,29933790334.00,31952763089.00,43310721414.00,47648211133.00,55612228234.00
Faeroe Islands,1730891409.00,1970142378.00,2278229533.00,2413237402.00,2257097732.00,2301178416.00,2468748768.00,2356505419.00,2613458941.00,..
Fiji,3006725015.00,3102741451.00,3405050612.00,3523185920.00,2870624636.00,3140508836.00,3774537140.00,3977652383.00,4196100793.00,4531817941.00
Finland,204000000000.00,217000000000.00,255000000000.00,284000000000.00,251000000000.00,248000000000.00,274000000000.00,257000000000.00,269000000000.00,272000000000.00
France,2200000000000.00,2330000000000.00,2660000000000.00,2920000000000.00,2690000000000.00,2650000000000.00,2860000000000.00,2680000000000.00,2810000000000.00,2830000000000.00
French Polynesia,..,..,..,..,..,..,..,..,..,..
Gabon,9458884812.00,10154041930.00,12438956756.00,15508574820.00,12152235251.00,14358584300.00,18186478120.00,17171447372.00,17590716233.00,18179717776.00
Gambia,624174724.40,655068695.80,798870893.90,965769127.10,900639747.50,952429031.30,904256642.30,912569686.80,903779326.50,..
Georgia,6410941013.00,7745406201.00,10172869680.00,12795044473.00,10766836277.00,11638536834.00,14434619982.00,15846474596.00,16140047012.00,16529963187.00
Germany,2860000000000.00,3000000000000.00,3440000000000.00,3750000000000.00,3420000000000.00,3420000000000.00,3760000000000.00,3540000000000.00,3750000000000.00,3870000000000.00
Ghana,10731634117.00,20409257611.00,24758819718.00,28526891011.00,25977847814.00,32174772956.00,39566292433.00,41939728979.00,47805069495.00,38616536132.00
Greece,248000000000.00,273000000000.00,318000000000.00,354000000000.00,330000000000.00,299000000000.00,288000000000.00,246000000000.00,240000000000.00,236000000000.00
Greenland,1702543477.00,1738432116.00,2121759848.00,1739579594.00,1267711816.00,..,..,..,..,..
Grenada,695370296.30,698518518.50,758518518.50,825925925.90,771278098.10,771015875.90,778648670.40,799882130.00,842571332.20,911803790.40
Guam,..,..,..,..,..,..,..,..,..,..
Guatemala,27211376361.00,30231249704.00,34113107920.00,39136436508.00,37733609954.00,41338008265.00,47654787037.00,50388460223.00,53851148432.00,58827085047.00
Guinea,2937071767.00,2931625105.00,4134173275.00,4515824647.00,4609923756.00,4735956493.00,5067360009.00,5667229759.00,6231725485.00,6624068016.00
Guinea-Bissau,586791836.10,591829897.50,695606313.90,864107768.30,825796952.70,847491366.90,1103652041.00,958857944.20,946629755.80,1022371992.00
Guyana,824880550.30,1458446872.00,1740334782.00,1922603032.00,2025565090.00,2259288396.00,2576597596.00,2851149183.00,2982036494.00,3096747287.00
Haiti,4310358096.00,4757289752.00,5885325590.00,6548530572.00,6584649419.00,6622541529.00,7516834160.00,7890216508.00,8452718010.00,8713041023.00
Honduras,9672035709.00,10841742348.00,12275501784.00,13789715133.00,14587496229.00,15839344592.00,17710315006.00,18528601901.00,18496438642.00,19385314718.00
Hong Kong ,182000000000.00,194000000000.00,212000000000.00,219000000000.00,214000000000.00,229000000000.00,249000000000.00,263000000000.00,276000000000.00,291000000000.00
Hungary,113000000000.00,115000000000.00,139000000000.00,157000000000.00,130000000000.00,130000000000.00,140000000000.00,127000000000.00,134000000000.00,138000000000.00
Iceland,16749309720.00,17041293816.00,21293841230.00,17530651670.00,12855269884.00,13236887873.00,14665358677.00,14194519025.00,15376604282.00,17036097482.00
India,834000000000.00,949000000000.00,1240000000000.00,1220000000000.00,1370000000000.00,1710000000000.00,1840000000000.00,1830000000000.00,1860000000000.00,2050000000000.00
Indonesia,286000000000.00,365000000000.00,432000000000.00,510000000000.00,540000000000.00,755000000000.00,893000000000.00,918000000000.00,910000000000.00,889000000000.00
Iran,220000000000.00,259000000000.00,337000000000.00,397000000000.00,399000000000.00,468000000000.00,592000000000.00,587000000000.00,512000000000.00,425000000000.00
Iraq,49954890353.00,65140293688.00,88840050497.00,132000000000.00,112000000000.00,139000000000.00,186000000000.00,218000000000.00,232000000000.00,224000000000.00
Ireland,211000000000.00,232000000000.00,270000000000.00,275000000000.00,235000000000.00,220000000000.00,242000000000.00,225000000000.00,238000000000.00,251000000000.00
Isle of Man,2971167185.00,3344402193.00,4062367148.00,..,..,..,..,..,..,..
Israel,143000000000.00,155000000000.00,180000000000.00,217000000000.00,208000000000.00,234000000000.00,262000000000.00,260000000000.00,292000000000.00,306000000000.00
Italy,1850000000000.00,1940000000000.00,2200000000000.00,2390000000000.00,2190000000000.00,2130000000000.00,2280000000000.00,2070000000000.00,2130000000000.00,2140000000000.00
Jamaica,11204416000.00,11905525197.00,12824094990.00,13678551838.00,12037473161.00,13190512703.00,14396816915.00,14746420946.00,14187446661.00,13891359468.00
Japan,4570000000000.00,4360000000000.00,4360000000000.00,4850000000000.00,5040000000000.00,5500000000000.00,5910000000000.00,5950000000000.00,4920000000000.00,4600000000000.00
Jordan,12588665303.00,15056936954.00,17110609732.00,21971835283.00,23818322958.00,26425379437.00,28840263380.00,30937277606.00,33593843662.00,35826925775.00
Kazakhstan,57123671734.00,81003884545.00,105000000000.00,133000000000.00,115000000000.00,148000000000.00,188000000000.00,204000000000.00,232000000000.00,218000000000.00
Kenya,18737895401.00,25825524821.00,31958195182.00,35895153328.00,37021512049.00,39999659234.00,41953433591.00,50410164014.00,54930813988.00,60936509778.00
Kiribati,106149546.40,104668674.70,123002259.20,135044455.60,127125253.50,150431113.60,172253739.00,174984468.80,168951535.00,166756805.50
North Korea,..,..,..,..,..,..,..,..,..,..
South Korea,898000000000.00,1010000000000.00,1120000000000.00,1000000000000.00,902000000000.00,1090000000000.00,1200000000000.00,1220000000000.00,1310000000000.00,1410000000000.00
Kosovo,3736599925.00,4078158324.00,4833561456.00,5687488209.00,5653792720.00,5829933775.00,6692521546.00,6500321213.00,7073021774.00,7386758657.00
Kuwait,80797945206.00,102000000000.00,115000000000.00,147000000000.00,106000000000.00,115000000000.00,154000000000.00,174000000000.00,174000000000.00,164000000000.00
Kyrgyzstan,2460246796.00,2834168889.00,3802566171.00,5139957785.00,4690062255.00,4794357795.00,6197766119.00,6605139933.00,7335027592.00,7404412710.00
Laos,2735558735.00,3452882514.00,4222962988.00,5443915121.00,5832915387.00,7181441140.00,8283218734.00,9359185244.00,11192471435.00,11997062177.00
Latvia,16903250778.00,21410923000.00,30847189167.00,35542093261.00,26144610787.00,23743309486.00,28385281828.00,28023276372.00,30241650060.00,31286809075.00
Lebanon,21287562189.00,21796351576.00,24577114428.00,28829850746.00,35139635158.00,38009950249.00,40078938640.00,43205095854.00,44352418121.00,45730945274.00
Lesotho,1368352564.00,1428852975.00,1597476800.00,1630672199.00,1711412960.00,2187482926.00,2523309141.00,2384043849.00,2218102350.00,2181300506.00
Liberia,550000000.00,604028900.00,739027200.00,850040500.00,1155147400.00,1292697100.00,1545400000.00,1735500000.00,1946500000.00,2013000000.00
Libya,47334148578.00,54961936663.00,67516236338.00,87140405361.00,63028320702.00,74773444901.00,34699395524.00,81905365776.00,65509594212.00,41142722414.00
Liechtenstein,3659320087.00,4000101033.00,4601430549.00,5081479840.00,4504376590.00,5082338965.00,5739705823.00,5487773452.00,..,..
Lithuania,26125575942.00,30216060233.00,39738180077.00,47850551149.00,37440673478.00,37132564255.00,43505562065.00,42852204397.00,46412093987.00,48353937110.00
Luxembourg,36977365999.00,41913561661.00,50323159047.00,55144865973.00,50386496249.00,52351655629.00,58697386711.00,55986712368.00,61794506556.00,64873963099.00
Macao,11792517881.00,14568757218.00,18054581316.00,20731048491.00,21313219443.00,28359765190.00,36634780874.00,42991714540.00,51313531849.00,55501734046.00
Macedonia,6258600714.00,6861222332.00,8336478142.00,9909548411.00,9401731496.00,9407168702.00,10494632699.00,9745251126.00,10767448427.00,11323769142.00
Madagascar,5039293031.00,5515884349.00,7342923489.00,9413002921.00,8550363975.00,8729936136.00,9892702358.00,9919780071.00,10613473833.00,10593147381.00
Malawi,2754995877.00,3116790613.00,3647816870.00,4276769473.00,5030641493.00,5398615401.00,5627896279.00,4240491999.00,3883521175.00,4258033615.00
Malaysia,144000000000.00,163000000000.00,194000000000.00,231000000000.00,202000000000.00,255000000000.00,298000000000.00,314000000000.00,323000000000.00,338000000000.00
Maldives,1119806502.00,1474698126.00,1745998940.00,2117773601.00,2166330189.00,2323401759.00,2449576518.00,2514041558.00,2790659901.00,3061829145.00
Mali,5486319313.00,6122647487.00,7145362999.00,8737660549.00,8964480395.00,9264035748.00,10647545940.00,10340795747.00,10942822487.00,12037229619.00
Malta,5990648162.00,6365500032.00,7466219569.00,8554293727.00,8099400961.00,8163355021.00,9302635890.00,8882509104.00,9642848650.00,..
Marshall Islands,137744500.00,143656582.80,150071644.80,152793449.10,152130186.00,163803078.30,172861423.40,184439555.50,190180248.30,186716625.80
Mauritania,2184444849.00,3040716679.00,3356757497.00,4031047704.00,3662281668.00,4337791531.00,5123097509.00,4845165274.00,5057754939.00,5061180371.00
Mauritius,6283796155.00,6731529168.00,7792052680.00,9641089805.00,8834661043.00,9718233911.00,11252386261.00,11445657238.00,11931866299.00,12630332837.00
Mexico,866000000000.00,965000000000.00,1040000000000.00,1100000000000.00,893000000000.00,1050000000000.00,1170000000000.00,1180000000000.00,1260000000000.00,1290000000000.00
Micronesia,249845600.00,252991200.00,255890800.00,261339600.00,277510900.00,294117200.00,310287500.00,325835160.30,315725617.00,318071978.60
Moldova,2988338439.00,3408272498.00,4401154128.00,6054806101.00,5439422031.00,5811604052.00,7015206498.00,7284686576.00,7985349732.00,7962423552.00
Monaco,4280072626.00,4663488363.00,5974371696.00,6919241412.00,5557245122.00,5350674803.00,6074884389.00,..,..,..
Mongolia,2523471602.00,3414055663.00,4234999703.00,5623216610.00,4583850368.00,7189482030.00,10409797336.00,12292770631.00,12545217934.00,12015944337.00
Montenegro,2257118341.00,2696020575.00,3668857104.00,4519731947.00,4141382328.00,4139192053.00,4538199889.00,4087725813.00,4464260489.00,4587928884.00
Morocco,59523857868.00,65640092774.00,79041294875.00,92507257784.00,92897320376.00,93216746662.00,101000000000.00,98266306615.00,107000000000.00,110000000000.00
Mozambique,7723846195.00,8312078525.00,9366742310.00,11494837053.00,10911698208.00,10154238250.00,13131168012.00,14534278446.00,16018848991.00,15938468563.00
Myanmar,..,..,..,..,..,..,..,74690930782.00,58652241646.00,64330038665.00
Namibia,7261333795.00,7978734402.00,8740865600.00,8486721917.00,8876191121.00,11282192605.00,12409629836.00,13016447844.00,12754875755.00,12995241138.00
Nepal,8130258976.00,9043715356.00,10325618017.00,12545438605.00,12854985464.00,16002656435.00,18913574371.00,18851513891.00,19271168019.00,19769642123.00
Netherlands,679000000000.00,727000000000.00,839000000000.00,936000000000.00,858000000000.00,836000000000.00,894000000000.00,829000000000.00,864000000000.00,879000000000.00
New Caledonia,..,..,..,..,..,..,..,..,..,..
New Zealand,115000000000.00,111000000000.00,137000000000.00,132000000000.00,120000000000.00,145000000000.00,166000000000.00,174000000000.00,188000000000.00,200000000000.00
Nicaragua,6321335612.00,6786294616.00,7458103363.00,8491388728.00,8380731876.00,8741313143.00,9755619761.00,10460339389.00,10850733052.00,11805641287.00
Niger,3405134832.00,3646728060.00,4291363391.00,5403363917.00,5397121856.00,5718589799.00,6409169890.00,6942209595.00,7683045043.00,8168695870.00
Nigeria,112000000000.00,145000000000.00,166000000000.00,208000000000.00,169000000000.00,369000000000.00,412000000000.00,461000000000.00,515000000000.00,569000000000.00
Northern Mariana Islands,..,..,..,..,..,..,..,..,..,..
Norway,309000000000.00,345000000000.00,401000000000.00,462000000000.00,386000000000.00,429000000000.00,498000000000.00,510000000000.00,522000000000.00,500000000000.00
Oman,31081924577.00,37215864759.00,42085305592.00,60905331600.00,48388296489.00,58641352406.00,67937581274.00,76341482445.00,78182574772.00,81796618986.00
Pakistan,110000000000.00,137000000000.00,152000000000.00,170000000000.00,168000000000.00,177000000000.00,214000000000.00,225000000000.00,231000000000.00,244000000000.00
Palau,193525912.20,194499458.90,195669929.10,198980088.70,186821706.00,184324923.80,201223885.20,215815865.60,228567644.10,250625562.80
Panama,15464700000.00,17137000000.00,21121900000.00,24884000000.00,25925100000.00,28814100000.00,33270500000.00,37956200000.00,42648100000.00,46212600000.00
Papua New Guinea,4865971718.00,5527856839.00,6340673794.00,8000074071.00,8105331930.00,9716103409.00,12873049346.00,15391629871.00,15413232346.00,16928577233.00
Paraguay,8734653810.00,10646157920.00,13794910634.00,18504130753.00,15929902138.00,20030528043.00,25071195492.00,24611039786.00,29078927135.00,30880859580.00
Peru,74947898080.00,87862091339.00,102000000000.00,122000000000.00,121000000000.00,149000000000.00,171000000000.00,193000000000.00,202000000000.00,203000000000.00
Philippines,103000000000.00,122000000000.00,149000000000.00,174000000000.00,168000000000.00,200000000000.00,224000000000.00,250000000000.00,272000000000.00,285000000000.00
Poland,304000000000.00,343000000000.00,429000000000.00,530000000000.00,436000000000.00,479000000000.00,529000000000.00,500000000000.00,524000000000.00,545000000000.00
Portugal,197000000000.00,209000000000.00,240000000000.00,262000000000.00,244000000000.00,238000000000.00,245000000000.00,216000000000.00,226000000000.00,230000000000.00
Puerto Rico,83914521341.00,87276164365.00,89524131617.00,93639316000.00,96385638000.00,98381268000.00,100000000000.00,101000000000.00,103000000000.00,..
Qatar,44530494506.00,60882142857.00,79712087912.00,115000000000.00,97798351648.00,125000000000.00,170000000000.00,190000000000.00,202000000000.00,210000000000.00
Romania,99697566668.00,124000000000.00,172000000000.00,208000000000.00,167000000000.00,168000000000.00,185000000000.00,172000000000.00,192000000000.00,199000000000.00
Russia,764000000000.00,990000000000.00,1300000000000.00,1660000000000.00,1220000000000.00,1520000000000.00,1900000000000.00,2020000000000.00,2080000000000.00,1860000000000.00
Rwanda,2581465675.00,3110328011.00,3775447706.00,4796573531.00,5308990460.00,5698548988.00,6406727230.00,7219657132.00,7522006198.00,7890190337.00
Samoa,465568018.30,505832439.80,570469196.70,619260721.60,586153251.80,656789149.60,761650053.90,804163067.70,795753602.50,800418989.60
San Marino,1375416605.00,1469000145.00,1687567364.00,1899879956.00,..,..,..,..,..,..
S‹o Tom_ and Pr’ncipe,126194166.20,134441116.90,145827429.60,189595284.40,192558289.70,195176113.40,239986643.50,265592759.80,305632896.60,337413478.10
Saudi Arabia,328000000000.00,377000000000.00,416000000000.00,520000000000.00,429000000000.00,527000000000.00,670000000000.00,734000000000.00,744000000000.00,746000000000.00
Senegal,8707015771.00,9358710935.00,11284603071.00,13386345215.00,12812994419.00,12932428288.00,14440676929.00,14045681414.00,14951667194.00,15657551477.00
Serbia,26252007831.00,30607991863.00,40289556656.00,49259526053.00,42616653300.00,39460357731.00,46466728667.00,40742313861.00,45519650911.00,43866423167.00
Seychelles,919103254.50,1016418229.00,1033629538.00,967216406.50,847427372.70,969970292.80,1065818957.00,1134239543.00,1411035754.00,1422608276.00
Sierra Leone,1627854495.00,1885112202.00,2158496873.00,2505458705.00,2453899847.00,2578026297.00,2900558287.00,3740395424.00,4838115453.00,4837512587.00
Singapore,127000000000.00,148000000000.00,180000000000.00,192000000000.00,192000000000.00,236000000000.00,275000000000.00,290000000000.00,302000000000.00,308000000000.00
Sint Maarten,..,..,..,..,..,..,..,..,..,..
Slovakia,62493023256.00,70388970016.00,86072414454.00,100000000000.00,88661440678.00,89254492715.00,97919816514.00,93049721684.00,98033841689.00,100000000000.00
Slovenia,36346971770.00,39587730523.00,48114686559.00,55589849129.00,50244790220.00,48016463576.00,51287600778.00,46239992125.00,47675804618.00,49491440620.00
Solomon Islands,413911362.30,456707935.00,516074229.00,608292551.50,597762270.80,671585231.60,886503123.80,1025124684.00,1059690062.00,1158183054.00
Somalia,..,..,..,..,..,..,..,..,5352000000.00,5707000000.00
South Africa,258000000000.00,272000000000.00,299000000000.00,287000000000.00,296000000000.00,375000000000.00,417000000000.00,397000000000.00,366000000000.00,350000000000.00
South Sudan,..,..,..,15550136279.00,12231362023.00,15727363443.00,17826697892.00,10368813559.00,13257635693.00,13282084042.00
Spain,1160000000000.00,1260000000000.00,1480000000000.00,1630000000000.00,1500000000000.00,1430000000000.00,1490000000000.00,1340000000000.00,1370000000000.00,1380000000000.00
Sri Lanka,24406252457.00,28279814925.00,32350248411.00,40713812310.00,42066217872.00,56725780417.00,65292732252.00,68434422594.00,74317814502.00,78823610057.00
St. Kitts and Nevis,543169966.70,636070988.10,684148690.00,734660315.10,708891299.20,692457419.40,728050618.20,731919906.00,787290366.90,852203083.90
St. Lucia,946681289.00,1074708501.00,1173341552.00,1194493391.00,1186800341.00,1249497010.00,1290025296.00,1311133140.00,1334385778.00,1404430564.00
St. Martin (French part),..,..,..,..,..,..,..,..,..,..
St. Vincent and the Grenadines,550728660.40,610778281.50,651436074.10,695428835.90,674922474.80,681225963.70,676129418.50,692933757.40,720636189.60,729309384.40
Sudan,26524538566.00,35822408612.00,45898948564.00,54526580232.00,53150209168.00,65634109237.00,67327289320.00,62688889673.00,66480141187.00,73814947341.00
Suriname,1793776693.00,2626380435.00,2936612022.00,3532969035.00,3875409836.00,4368398048.00,4422276622.00,4980000000.00,5130909091.00,5210303030.00
Swaziland,2584089444.00,2947943587.00,3053808159.00,3019779209.00,3144671159.00,3527776867.00,4963056472.00,4912817412.00,4562432045.00,4412891830.00
Sweden,389000000000.00,420000000000.00,488000000000.00,514000000000.00,430000000000.00,488000000000.00,563000000000.00,544000000000.00,579000000000.00,571000000000.00
Switzerland,408000000000.00,429000000000.00,477000000000.00,552000000000.00,540000000000.00,581000000000.00,696000000000.00,665000000000.00,685000000000.00,701000000000.00
Syria,28858965517.00,33332844575.00,40405006007.00,..,..,..,..,..,..,..
Tajikistan,2312344311.00,2830228903.00,3719515379.00,5161298559.00,4979471964.00,5642221529.00,6522755783.00,7633036366.00,8506615265.00,9241627841.00
Tanzania,16929976600.00,18610460327.00,21501741758.00,27368386358.00,28573777053.00,31407908612.00,33878631649.00,39087748240.00,44384603620.00,48056680982.00
Thailand,189000000000.00,222000000000.00,263000000000.00,291000000000.00,282000000000.00,341000000000.00,371000000000.00,397000000000.00,420000000000.00,405000000000.00
Timor-Leste,491000000.00,463000000.00,559000000.00,694000000.00,818000000.00,934000000.00,1138000000.00,1295000000.00,1319000000.00,1417000000.00
Togo,2115154262.00,2202809251.00,2523462557.00,3163416242.00,3163000529.00,3172945645.00,3756023160.00,3915776459.00,4338575824.00,4518443477.00
Tonga,258739680.90,287983019.90,299657872.00,340041546.50,321303416.10,369816107.00,441232909.20,457244315.20,432893161.20,434380117.00
Trinidad and Tobago,15982284590.00,18369057238.00,21642383059.00,27870226095.00,19175164825.00,21037565681.00,24409841948.00,24580844843.00,27257473691.00,28882663254.00
Tunisia,32273007554.00,34378437265.00,38908069299.00,44856586316.00,43454935940.00,44051138745.00,45876971161.00,45131250400.00,46920723826.00,48612652412.00
Turkey,483000000000.00,531000000000.00,647000000000.00,730000000000.00,615000000000.00,731000000000.00,775000000000.00,789000000000.00,823000000000.00,798000000000.00
Turkmenistan,8104355717.00,10277598152.00,12664165103.00,19271523179.00,20214385965.00,22148070175.00,29233333333.00,35164210526.00,41012982456.00,47931929825.00
Turks and Caicos Islands,..,..,..,..,..,..,..,..,..,..
Tuvalu,21839543.60,22902861.40,27030374.00,30290219.80,27101076.30,31823518.60,39312016.50,39875750.70,38322359.50,37859550.40
Uganda,9013834373.00,9942597780.00,12292813603.00,14239026630.00,17878178831.00,20181796803.00,20262889524.00,23236898742.00,24662957430.00,26998477289.00
Ukraine,86142018069.00,108000000000.00,143000000000.00,180000000000.00,117000000000.00,136000000000.00,163000000000.00,176000000000.00,183000000000.00,132000000000.00
United Arab Emirates,181000000000.00,222000000000.00,258000000000.00,315000000000.00,254000000000.00,286000000000.00,349000000000.00,373000000000.00,387000000000.00,399000000000.00
United Kingdom,2420000000000.00,2590000000000.00,2970000000000.00,2790000000000.00,2310000000000.00,2400000000000.00,2590000000000.00,2630000000000.00,2710000000000.00,2990000000000.00
United States,13100000000000.00,13900000000000.00,14500000000000.00,14700000000000.00,14400000000000.00,15000000000000.00,15500000000000.00,16200000000000.00,16800000000000.00,17400000000000.00
Uruguay,17362857684.00,19579457966.00,23410572634.00,30366213119.00,31660911277.00,40284682480.00,47962439304.00,51384870651.00,57524653094.00,57471030095.00
Uzbekistan,14307509839.00,17030896203.00,22311393928.00,27934030937.00,32816828373.00,39332770929.00,45324319955.00,51183443225.00,56795656325.00,62643953022.00
Vanuatu,394962552.30,439376794.10,526428309.90,607958616.10,610066628.70,700804286.20,792149700.70,781702874.10,801787555.90,814954307.00
Venezuela,146000000000.00,183000000000.00,230000000000.00,316000000000.00,329000000000.00,394000000000.00,316000000000.00,381000000000.00,..,..
Vietnam,57633255739.00,66371664817.00,77414425532.00,99130304099.00,106000000000.00,116000000000.00,136000000000.00,156000000000.00,171000000000.00,186000000000.00
Virgin Islands (U.S.),..,..,..,..,..,..,..,..,..,..
West Bank and Gaza,4834276355.00,4914728219.00,5508346438.00,6673500000.00,7268200000.00,8913100000.00,10465400000.00,11262141134.00,12473235848.00,12737613125.00
Yemen,16753772448.00,19081726103.00,25633674564.00,30397203369.00,28459501430.00,30906753495.00,31078858747.00,32074766835.00,35954502304.00,..
Zambia,8331863991.00,12756858899.00,14056957976.00,17910858638.00,15328342304.00,20265552104.00,23731726500.00,24939314029.00,26820806279.00,27066230009.00
Zimbabwe,5755215200.00,5443896500.00,5291950100.00,4415702800.00,8157077400.00,9422161302.00,10956226600.00,12392715462.00,13490227100.00,14196912535.00
Arab World,1180000000000.00,1400000000000.00,1640000000000.00,2080000000000.00,1800000000000.00,2100000000000.00,2490000000000.00,2750000000000.00,2830000000000.00,2850000000000.00
Caribbean small states,46626977227.00,52391530145.00,58277144052.00,66470631617.00,55910552004.00,59631397288.00,64644542535.00,66505519501.00,69287048038.00,71288024079.00
East Asia & Pacific (all income levels),10100000000000.00,10700000000000.00,12000000000000.00,13900000000000.00,14300000000000.00,16600000000000.00,19300000000000.00,20600000000000.00,20800000000000.00,21500000000000.00
East Asia & Pacific (developing only),3100000000000.00,3730000000000.00,4710000000000.00,5950000000000.00,6450000000000.00,7820000000000.00,9550000000000.00,10600000000000.00,11700000000000.00,12600000000000.00
Euro area,10500000000000.00,11200000000000.00,12900000000000.00,14100000000000.00,12900000000000.00,12600000000000.00,13600000000000.00,12600000000000.00,13200000000000.00,13400000000000.00
Europe & Central Asia (all income levels),16600000000000.00,18000000000000.00,21000000000000.00,23100000000000.00,20300000000000.00,20800000000000.00,22900000000000.00,22000000000000.00,22900000000000.00,23200000000000.00
Europe & Central Asia (developing only),898000000000.00,1050000000000.00,1340000000000.00,1610000000000.00,1340000000000.00,1530000000000.00,1710000000000.00,1750000000000.00,1880000000000.00,1820000000000.00
European Union,14300000000000.00,15300000000000.00,17700000000000.00,19000000000000.00,17000000000000.00,16900000000000.00,18300000000000.00,17200000000000.00,18000000000000.00,18500000000000.00
Heavily indebted poor countries (HIPC),242000000000.00,290000000000.00,345000000000.00,416000000000.00,419000000000.00,463000000000.00,517000000000.00,552000000000.00,599000000000.00,631000000000.00
High income,38500000000000.00,40900000000000.00,45000000000000.00,48200000000000.00,44900000000000.00,47400000000000.00,51300000000000.00,51600000000000.00,52300000000000.00,52800000000000.00
High income: OECD,35600000000000.00,37500000000000.00,41000000000000.00,43300000000000.00,40700000000000.00,42500000000000.00,45600000000000.00,45500000000000.00,45900000000000.00,46700000000000.00
High income: nonOECD,2830000000000.00,3360000000000.00,4030000000000.00,4900000000000.00,4130000000000.00,4910000000000.00,5770000000000.00,6180000000000.00,6370000000000.00,6110000000000.00
Latin America & Caribbean (all income levels),2870000000000.00,3370000000000.00,3980000000000.00,4620000000000.00,4340000000000.00,5370000000000.00,6090000000000.00,6120000000000.00,6270000000000.00,6180000000000.00
Latin America & Caribbean (developing only),2230000000000.00,2610000000000.00,3080000000000.00,3540000000000.00,3280000000000.00,4110000000000.00,4750000000000.00,4660000000000.00,4760000000000.00,4770000000000.00
Least developed countries: UN classification,333000000000.00,390000000000.00,468000000000.00,574000000000.00,566000000000.00,636000000000.00,725000000000.00,768000000000.00,817000000000.00,888000000000.00
Low & middle income,8650000000000.00,10200000000000.00,12600000000000.00,14900000000000.00,14900000000000.00,18200000000000.00,21400000000000.00,22600000000000.00,24000000000000.00,25100000000000.00
Low income,154000000000.00,172000000000.00,205000000000.00,247000000000.00,260000000000.00,281000000000.00,316000000000.00,343000000000.00,372000000000.00,399000000000.00
Lower middle income,2130000000000.00,2530000000000.00,3120000000000.00,3470000000000.00,3570000000000.00,4530000000000.00,5060000000000.00,5270000000000.00,5470000000000.00,5770000000000.00
Middle East & North Africa (all income levels),1520000000000.00,1780000000000.00,2110000000000.00,2640000000000.00,2350000000000.00,2740000000000.00,3280000000000.00,3540000000000.00,3560000000000.00,3500000000000.00
Middle East & North Africa (developing only),687000000000.00,798000000000.00,991000000000.00,1230000000000.00,1180000000000.00,1360000000000.00,1570000000000.00,1690000000000.00,1640000000000.00,1540000000000.00
Middle income,8490000000000.00,10000000000000.00,12300000000000.00,14700000000000.00,14700000000000.00,17900000000000.00,21000000000000.00,22300000000000.00,23600000000000.00,24700000000000.00
North America,14300000000000.00,15200000000000.00,15900000000000.00,16300000000000.00,15800000000000.00,16600000000000.00,17300000000000.00,18000000000000.00,18600000000000.00,19200000000000.00
Not classified,..,..,..,..,..,..,..,..,..,..
OECD members,37000000000000.00,39000000000000.00,42700000000000.00,45100000000000.00,42200000000000.00,44300000000000.00,47500000000000.00,47400000000000.00,48000000000000.00,48800000000000.00
Other small states,54109001811.00,58724821118.00,68007123628.00,80136053501.00,69638376902.00,81827449700.00,99177241478.00,98381559591.00,99004463562.00,101000000000.00
Pacific island small states,5249011731.00,5511360418.00,6069345227.00,6477187169.00,5756599325.00,6364003445.00,7552011492.00,7986838125.00,8227972579.00,8699784931.00
Small states,106000000000.00,117000000000.00,132000000000.00,153000000000.00,131000000000.00,148000000000.00,171000000000.00,173000000000.00,177000000000.00,181000000000.00
South Asia,1050000000000.00,1200000000000.00,1530000000000.00,1550000000000.00,1710000000000.00,2090000000000.00,2280000000000.00,2300000000000.00,2360000000000.00,2590000000000.00
Sub-Saharan Africa (all income levels),684000000000.00,799000000000.00,921000000000.00,1050000000000.00,996000000000.00,1340000000000.00,1510000000000.00,1580000000000.00,1670000000000.00,1750000000000.00
Sub-Saharan Africa (developing only),675000000000.00,789000000000.00,909000000000.00,1030000000000.00,985000000000.00,1320000000000.00,1490000000000.00,1560000000000.00,1650000000000.00,1730000000000.00
Upper middle income,6360000000000.00,7480000000000.00,9230000000000.00,11200000000000.00,11100000000000.00,13400000000000.00,16000000000000.00,17000000000000.00,18200000000000.00,18900000000000.00
World,47100000000000.00,51000000000000.00,57500000000000.00,63100000000000.00,59800000000000.00,65600000000000.00,72700000000000.00,74200000000000.00,76200000000000.00,77800000000000.00
"Created from: World Development IndicatorsSeries : GDP at market prices (current US$)",,,,,,,,,,